ID,TableID,Name,Description,DataType,Expression,FormatString,IsHidden,State,ModifiedTime,StructureModifiedTime,KPIID,IsSimpleMeasure,ErrorMessage,DisplayFolder,DetailRowsDefinitionID,DataCategory,LineageTag,SourceLineageTag
537,15,"Dec22Baseline","",6,"EXTERNALMEASURE(""Dec22Baseline"", INTEGER, ""DirectQuery to AS - Global Dashboard by CSM"")","#,0.###############\ ""€"";-#,0.###############\ ""€"";#,0.###############\ ""€""",False,1,2026-05-15 07:21:53.823,2026-05-15 07:21:53.173,,False,"","",,"Uncategorized","6e6f58c9-43eb-4d84-bf49-fdc061bb884e","d8207676-fa81-47ea-9eca-cd3152bebf9a"
538,15,"NRR","",6,"EXTERNALMEASURE(""NRR"", INTEGER, ""DirectQuery to AS - Global Dashboard by CSM"")","0.00\ %;-0.00\ %;0.00\ %",False,1,2026-05-15 07:21:53.823,2026-05-15 07:21:53.173,,False,"","",,"Uncategorized","eac8252f-7e69-4861-a880-147f58ccd48b","4c65300c-14d2-46a5-91eb-1b4cee03e01a"
539,15,"iff500k","",6,"EXTERNALMEASURE(""iff500k"", INTEGER, ""DirectQuery to AS - Global Dashboard by CSM"")","0",False,1,2026-05-15 07:21:53.823,2026-05-15 07:21:53.173,,False,"","",,"Uncategorized","0d344379-ffd8-4d40-9dee-dc1435fcfac7","885943c1-7a0d-40eb-9aa5-b26bcacfaf89"
540,15,"Net Sales * Service Qty","",6,"EXTERNALMEASURE(""Net Sales * Service Qty"", INTEGER, ""DirectQuery to AS - Global Dashboard by CSM"")","0",False,1,2026-05-15 07:21:53.823,2026-05-15 07:21:53.173,,False,"","",,"Uncategorized","c3d8be3f-7bff-4012-8c9b-7a84414c171f","fa760789-b708-4c91-b708-16a4db14539f"
541,15,"CSP ARR","",8,"EXTERNALMEASURE(""CSP ARR"", DOUBLE, ""DirectQuery to AS - Global Dashboard by CSM"")","#,0.00",False,1,2026-05-15 07:21:53.823,2026-05-15 07:21:53.173,,False,"","",,"Uncategorized","9598105c-a8f6-4c68-86af-097f72cba5cb","10e9d2c3-7d0f-41dc-8635-76a611d8bc4e"
542,15,"ARR with no filter","",8,"EXTERNALMEASURE(""ARR with no filter"", DOUBLE, ""DirectQuery to AS - Global Dashboard by CSM"")","#,0.00",False,1,2026-05-15 07:21:53.823,2026-05-15 07:21:53.173,,False,"","",,"Uncategorized","2f5cd871-5b66-4238-9585-77941b661fe8","8741cfb9-1fa8-4f5b-97e7-42f200f358d0"
543,15,"Vendor ARR Percentage","",6,"EXTERNALMEASURE(""Vendor ARR Percentage"", INTEGER, ""DirectQuery to AS - Global Dashboard by CSM"")","0.00\ %;-0.00\ %;0.00\ %",False,1,2026-05-15 07:21:53.823,2026-05-15 07:21:53.173,,False,"","",,"Uncategorized","373cf68e-c25f-4618-abe5-f0b1e9052d13","63ea4c7f-a85c-4fbc-814c-51eb69bd5793"
544,15,"Microsoft Vendor ARR","",6,"EXTERNALMEASURE(""Microsoft Vendor ARR"", INTEGER, ""DirectQuery to AS - Global Dashboard by CSM"")","#,0.00",False,1,2026-05-15 07:21:53.823,2026-05-15 07:21:53.173,,False,"","",,"Uncategorized","b8ddc346-245f-4103-ab7a-0fe07e37341f","75f3b651-e03b-4112-9282-f4d26d9eb79a"
545,15,"ARR with no Vendor filter","",6,"EXTERNALMEASURE(""ARR with no Vendor filter"", INTEGER, ""DirectQuery to AS - Global Dashboard by CSM"")","#,0.###############\ ""€"";-#,0.###############\ ""€"";#,0.###############\ ""€""",False,1,2026-05-15 07:21:53.823,2026-05-15 07:21:53.173,,False,"","",,"Uncategorized","b96cef7e-e649-482d-a4fb-fb258cc39e02","44e47ff8-eb78-4d56-b20e-5ad50205e968"
546,15,"AWS Vendor ARR","",6,"EXTERNALMEASURE(""AWS Vendor ARR"", INTEGER, ""DirectQuery to AS - Global Dashboard by CSM"")","#,0.00",False,1,2026-05-15 07:21:53.823,2026-05-15 07:21:53.173,,False,"","",,"Uncategorized","cc3575ea-9fa1-4df8-afa6-fe9ebbfb5cc1","ba1a629f-e393-416f-aac8-5f0140605d44"
547,15,"Microsoft Vendor ARR percentage","",6,"EXTERNALMEASURE(""Microsoft Vendor ARR percentage"", INTEGER, ""DirectQuery to AS - Global Dashboard by CSM"")","0.00\ %;-0.00\ %;0.00\ %",False,1,2026-05-15 07:21:53.823,2026-05-15 07:21:53.173,,False,"","",,"Uncategorized","307e9d33-fc75-43f4-911f-6c53ee241b2d","1ee80256-be0b-4049-ba06-aa1e436ba5a6"
548,15,"ULTRA Vendor ARR","",6,"EXTERNALMEASURE(""ULTRA Vendor ARR"", INTEGER, ""DirectQuery to AS - Global Dashboard by CSM"")","#,0.00",False,1,2026-05-15 07:21:53.823,2026-05-15 07:21:53.173,,False,"","",,"Uncategorized","5278bf24-eaf2-481d-9300-f2f3e8da56e0","e13b1596-0bb5-4901-ab93-868b83fbea84"
549,15,"NET ARR LC","",6,"EXTERNALMEASURE(""NET ARR LC"", INTEGER, ""DirectQuery to AS - Global Dashboard by CSM"")","0",False,1,2026-05-15 07:21:53.823,2026-05-15 07:21:53.173,,False,"","",,"Uncategorized","d64b618b-5430-4f91-9ccd-133405403210","23c0b858-e6eb-4e2a-bb5b-0ac767a8b833"
550,15,"ARR >0","",8,"EXTERNALMEASURE(""ARR >0"", DOUBLE, ""DirectQuery to AS - Global Dashboard by CSM"")","#,0.00",False,1,2026-05-15 07:21:53.823,2026-05-15 07:21:53.173,,False,"","",,"Uncategorized","5c721178-1b1f-4e4d-acd5-590da121e2d8","5b01b38f-2932-416a-9770-666e7578c38b"
551,15,"Tenure of ec NO BLANK","",8,"EXTERNALMEASURE(""Tenure of ec NO BLANK"", DOUBLE, ""DirectQuery to AS - Global Dashboard by CSM"")","0",False,1,2026-05-15 07:21:53.823,2026-05-15 07:21:53.173,,False,"","",,"Uncategorized","7b175741-0659-4d24-ae18-df832fb78bab","70db2c51-7dea-40d9-94f5-b9320ec021ab"
552,15,"ARR YOY","",6,"EXTERNALMEASURE(""ARR YOY"", INTEGER, ""DirectQuery to AS - Global Dashboard by CSM"")","0.00\ %;-0.00\ %;0.00\ %",False,1,2026-05-15 07:21:53.823,2026-05-15 07:21:53.173,,False,"","",,"Uncategorized","1c0f9edf-edf6-4199-9709-a76cf3fdb8a5","3937814f-4ab7-4486-a14b-96e75d05d675"
553,15,"Azure Vendor ARR","",6,"EXTERNALMEASURE(""Azure Vendor ARR"", INTEGER, ""DirectQuery to AS - Global Dashboard by CSM"")","#,0.00",False,1,2026-05-15 07:21:53.823,2026-05-15 07:21:53.173,,False,"","",,"Uncategorized","15cdc3f4-c9d1-4910-8fe3-91b395ebde01","22c527a1-7ebc-439b-a50d-37e74a60219e"
554,15,"Commercial SKUs ARR","",8,"EXTERNALMEASURE(""Commercial SKUs ARR"", DOUBLE, ""DirectQuery to AS - Global Dashboard by CSM"")","#,0.00",False,1,2026-05-15 07:21:53.823,2026-05-15 07:21:53.173,,False,"","",,"Uncategorized","f0a41889-a373-4c9d-8559-0f5e303218bd","558ce521-c31f-4b51-8dac-6695e4e1e8d9"
555,15,"if Commercial SKUs MRR","",6,"EXTERNALMEASURE(""if Commercial SKUs MRR"", INTEGER, ""DirectQuery to AS - Global Dashboard by CSM"")","0",False,1,2026-05-15 07:21:53.823,2026-05-15 07:21:53.173,,False,"","",,"Uncategorized","f78e2a33-d419-46ee-aed1-e1d178312429","2510fbcb-2eca-4aa9-b47a-0f4ae10be413"
556,15,"Non-Commercial SKUs ARR","",8,"EXTERNALMEASURE(""Non-Commercial SKUs ARR"", DOUBLE, ""DirectQuery to AS - Global Dashboard by CSM"")","#,0.00",False,1,2026-05-15 07:21:53.823,2026-05-15 07:21:53.173,,False,"","",,"Uncategorized","9f83058e-032a-45cf-bc61-414ec1cee7aa","ebde9665-90a7-4890-8c02-334ed0c619a2"
557,15,"Commercial SKUs MRR","",6,"EXTERNALMEASURE(""Commercial SKUs MRR"", INTEGER, ""DirectQuery to AS - Global Dashboard by CSM"")","#,0.00",False,1,2026-05-15 07:21:53.823,2026-05-15 07:21:53.173,,False,"","",,"Uncategorized","539b2f7c-0666-421c-82e3-8ee357e1243f","5664e23d-ce43-4dfa-9805-0ce41f1ec9fd"
558,15,"Non Commercial SKUs MRR","",6,"EXTERNALMEASURE(""Non Commercial SKUs MRR"", INTEGER, ""DirectQuery to AS - Global Dashboard by CSM"")","#,0.00",False,1,2026-05-15 07:21:53.823,2026-05-15 07:21:53.173,,False,"","",,"Uncategorized","2195a778-93dd-4b6a-a4a4-b8ccbd292a25","d6dcdab1-b689-458e-8bca-aac42877a0ab"
559,15,"Commercial SKUs End Customers","",6,"EXTERNALMEASURE(""Commercial SKUs End Customers"", INTEGER, ""DirectQuery to AS - Global Dashboard by CSM"")","0",False,1,2026-05-15 07:21:53.823,2026-05-15 07:21:53.173,,False,"","",,"Uncategorized","17c5178f-9b06-4781-994a-cdbc0da78d98","9a99bc31-3481-4d29-a67c-132d7b93bc87"
560,15,"Non Commercial SKUs End Customers","",6,"EXTERNALMEASURE(""Non Commercial SKUs End Customers"", INTEGER, ""DirectQuery to AS - Global Dashboard by CSM"")","0",False,1,2026-05-15 07:21:53.823,2026-05-15 07:21:53.173,,False,"","",,"Uncategorized","943f86a5-b31c-4399-ba65-f147d7fa6361","e55a61fb-5ea6-48a5-8dcd-b14112c47d9b"
561,15,"Non Commercial SKUs Customers Churn","",8,"EXTERNALMEASURE(""Non Commercial SKUs Customers Churn"", DOUBLE, ""DirectQuery to AS - Global Dashboard by CSM"")","",False,1,2026-05-15 07:21:53.823,2026-05-15 07:21:53.173,,False,"","",,"Uncategorized","4cff2ffa-7a5b-42a2-868f-8efde314f31a","415db07b-ec37-4398-9a28-81d31f13c636"
562,15,"Commercial SKUs Customers Churn","",8,"EXTERNALMEASURE(""Commercial SKUs Customers Churn"", DOUBLE, ""DirectQuery to AS - Global Dashboard by CSM"")","0.00\ %;-0.00\ %;0.00\ %",False,1,2026-05-15 07:21:53.823,2026-05-15 07:21:53.173,,False,"","",,"Uncategorized","abeb080f-ff82-42b2-8c51-dcd3ce5ae489","c1b97442-c652-4ef4-b4ae-24ce96060727"
563,15,"VendorCount","",6,"EXTERNALMEASURE(""VendorCount"", INTEGER, ""DirectQuery to AS - Global Dashboard by CSM"")","0",False,1,2026-05-15 07:21:53.823,2026-05-15 07:21:53.173,,False,"","",,"Uncategorized","302c58b3-ed24-4e0a-9012-ffb5c4291de9","2532e81e-4ccf-4ad8-ab99-c9d0cbc22852"
564,15,"VendorCount2","",6,"EXTERNALMEASURE(""VendorCount2"", INTEGER, ""DirectQuery to AS - Global Dashboard by CSM"")","0",False,1,2026-05-15 07:21:53.823,2026-05-15 07:21:53.173,,False,"","",,"Uncategorized","832267e7-e71a-47ac-bfa1-c55387b236d5","5ea27829-170d-4982-a0ca-264542d0c5bc"
565,15,"VendorCount2 average per Customer Name","",6,"EXTERNALMEASURE(""VendorCount2 average per Customer Name"", INTEGER, ""DirectQuery to AS - Global Dashboard by CSM"")","0",False,1,2026-05-15 07:21:53.823,2026-05-15 07:21:53.173,,False,"","",,"Uncategorized","463a380a-28c5-44ff-846b-5fe7f6f6a087","3f25c763-3b56-4571-9754-4e89fa9796e9"
566,15,"Tenure of EC","",6,"EXTERNALMEASURE(""Tenure of EC"", INTEGER, ""DirectQuery to AS - Global Dashboard by CSM"")","0",False,1,2026-05-15 07:21:53.823,2026-05-15 07:21:53.173,,False,"","",,"Uncategorized","d5598b29-4d5a-47a4-9377-c20dcb63944c","cdb7eb73-9926-4b34-85af-9f73e5b47134"
567,15,"Copilot Eligibility","",6,"EXTERNALMEASURE(""Copilot Eligibility"", INTEGER, ""DirectQuery to AS - Global Dashboard by CSM"")","0",False,1,2026-05-15 07:21:53.823,2026-05-15 07:21:53.173,,False,"","",,"Uncategorized","e5ff2deb-bf5c-4a2c-af2c-0e410a038e11","3fc6fac7-9db7-421b-9a06-2011313bc23c"
568,15,"If Upsold","",8,"EXTERNALMEASURE(""If Upsold"", DOUBLE, ""DirectQuery to AS - Global Dashboard by CSM"")","#,0.00",False,1,2026-05-15 07:21:53.823,2026-05-15 07:21:53.173,,False,"","",,"Uncategorized","f15af955-5167-4873-92e4-a8c8970be9e7","68802048-63f9-447c-873c-a04e1d965804"
569,15,"Incremental Revenue/Additional Revenue","",8,"EXTERNALMEASURE(""Incremental Revenue/Additional Revenue"", DOUBLE, ""DirectQuery to AS - Global Dashboard by CSM"")","#,0.00",False,1,2026-05-15 07:21:53.823,2026-05-15 07:21:53.173,,False,"","",,"Uncategorized","88afe079-c474-4e6a-a48c-da612e8fce44","55380778-ec13-447b-9eed-b196c6bc071a"
570,15,"Copilot Eligibility2","",6,"EXTERNALMEASURE(""Copilot Eligibility2"", INTEGER, ""DirectQuery to AS - Global Dashboard by CSM"")","#,0.###############\ ""€"";-#,0.###############\ ""€"";#,0.###############\ ""€""",False,1,2026-05-15 07:21:53.823,2026-05-15 07:21:53.173,,False,"","",,"Uncategorized","731bfb9f-0b06-4056-a233-ff5d38fd2a74","ca16df1c-48f3-4f17-958f-7ca7c2b42869"
571,15,"if Workday country matches","",6,"EXTERNALMEASURE(""if Workday country matches"", INTEGER, ""DirectQuery to AS - Global Dashboard by CSM"")","#,0.###############\ ""€"";-#,0.###############\ ""€"";#,0.###############\ ""€""",False,1,2026-05-15 07:21:53.823,2026-05-15 07:21:53.173,,False,"","",,"Uncategorized","be8a3109-0019-4e72-a721-d23dc5d03f6d","06b0990e-8960-4598-bb51-30641c36a387"
572,15,"if Workday customercountry matches ARR","",6,"EXTERNALMEASURE(""if Workday customercountry matches ARR"", INTEGER, ""DirectQuery to AS - Global Dashboard by CSM"")","#,0.00",False,1,2026-05-15 07:21:53.823,2026-05-15 07:21:53.173,,False,"","",,"Uncategorized","cd4749a1-acc5-4a39-90da-16ef964670f0","9ba2f8f3-a1c4-4e46-ba73-43148ec1e279"
573,15,"if Workday customercountry matches Net sales","",6,"EXTERNALMEASURE(""if Workday customercountry matches Net sales"", INTEGER, ""DirectQuery to AS - Global Dashboard by CSM"")","#,0.00",False,1,2026-05-15 07:21:53.823,2026-05-15 07:21:53.173,,False,"","",,"Uncategorized","39eea8be-5312-4756-83b5-733dd7c1071d","e066c014-f637-47b8-8cf9-f9fed32c0bb6"
574,15,"NET ARR USD","",6,"EXTERNALMEASURE(""NET ARR USD"", INTEGER, ""DirectQuery to AS - Global Dashboard by CSM"")","0",False,1,2026-05-15 07:21:53.823,2026-05-15 07:21:53.173,,False,"","",,"Uncategorized","7e363d47-7f53-414c-88d0-c48733ab9f31","37516bd4-cecd-457b-b15a-546cb2cbcd9a"
575,15,"CustomerExists","",6,"EXTERNALMEASURE(""CustomerExists"", INTEGER, ""DirectQuery to AS - Global Dashboard by CSM"")","0",False,1,2026-05-15 07:21:53.823,2026-05-15 07:21:53.173,,False,"","",,"Uncategorized","47b16073-94e8-4c73-abf1-bcb2885c9490","b7bf6aab-2064-4797-a0b2-d7d61335925d"
576,24,"NCE ARR 2","",8,"EXTERNALMEASURE(""NCE ARR 2"", DOUBLE, ""DirectQuery to AS - Global Dashboard by CSM"")","",False,1,2026-05-15 07:21:53.823,2026-05-15 07:21:53.173,,False,"","",,"Uncategorized","de184ef0-d9f7-4503-961f-71eed4eaf267","a44b6c48-8f07-443e-a8a9-8ae95b960428"
577,24,"ARR LC","",8,"EXTERNALMEASURE(""ARR LC"", DOUBLE, ""DirectQuery to AS - Global Dashboard by CSM"")","",False,1,2026-05-15 07:21:53.823,2026-05-15 07:21:53.173,,False,"","",,"Uncategorized","db15e9fb-0c47-4496-b9a4-a9c9aa35d3b0","ab17b66a-ce51-4bf8-bbd8-a8fa4ef551b5"
578,24,"ARR USD","",8,"EXTERNALMEASURE(""ARR USD"", DOUBLE, ""DirectQuery to AS - Global Dashboard by CSM"")","",False,1,2026-05-15 07:21:53.823,2026-05-15 07:21:53.173,,False,"","",,"Uncategorized","28410ce9-1ce1-45a8-b089-00c8efb324a1","59bc1e6c-e1f4-4b13-9481-3992c3ea228e"
579,24,"Reseller Rank by ARR LC","",6,"EXTERNALMEASURE(""Reseller Rank by ARR LC"", INTEGER, ""DirectQuery to AS - Global Dashboard by CSM"")","0",False,1,2026-05-15 07:21:53.823,2026-05-15 07:21:53.173,,False,"","",,"Uncategorized","559e1823-5fcc-4979-995f-dd1590ea274d","3bcf5bd5-4ad4-4add-899c-84249bbb4e5c"
580,27,"Active End Customers","",6,"EXTERNALMEASURE(""Active End Customers"", INTEGER, ""DirectQuery to AS - Global Dashboard by CSM"")","#,0",False,1,2026-05-15 07:21:53.823,2026-05-15 07:21:53.173,,False,"","",,"Uncategorized","acdb87c4-7aa3-4ed8-b2c3-773d3f6f6888","09841332-be75-499c-abae-103330ca7e71"
581,27,"Active Subs","",6,"EXTERNALMEASURE(""Active Subs"", INTEGER, ""DirectQuery to AS - Global Dashboard by CSM"")","#,0",False,1,2026-05-15 07:21:53.823,2026-05-15 07:21:53.173,,False,"","",,"Uncategorized","3565c175-1b73-4287-8a33-473244b301cc","ce6b4268-f702-426c-bb64-0fb36f22113f"
582,27,"Active Seats","",8,"EXTERNALMEASURE(""Active Seats"", DOUBLE, ""DirectQuery to AS - Global Dashboard by CSM"")","#,0",False,1,2026-05-15 07:21:53.823,2026-05-15 07:21:53.173,,False,"","",,"Uncategorized","edce7e7a-a13f-4611-8139-6e3b93d01555","8e8273f4-4b3f-4537-b3ca-283cc0902958"
583,27,"New End Customers","",6,"EXTERNALMEASURE(""New End Customers"", INTEGER, ""DirectQuery to AS - Global Dashboard by CSM"")","#,0",False,1,2026-05-15 07:21:53.823,2026-05-15 07:21:53.173,,False,"","",,"Uncategorized","9491d430-0384-47de-b274-052c08b74381","6baf5629-ce96-42aa-9083-8de37868fb46"
584,27,"New Subscriptions","",6,"EXTERNALMEASURE(""New Subscriptions"", INTEGER, ""DirectQuery to AS - Global Dashboard by CSM"")","#,0",False,1,2026-05-15 07:21:53.823,2026-05-15 07:21:53.173,,False,"","",,"Uncategorized","f02474ff-1648-4ff2-b961-e2a08bac337c","e76f8771-c4be-4e03-9079-5a1dc339796f"
585,27,"New Reseller","",6,"EXTERNALMEASURE(""New Reseller"", INTEGER, ""DirectQuery to AS - Global Dashboard by CSM"")","#,0",False,1,2026-05-15 07:21:53.823,2026-05-15 07:21:53.173,,False,"","",,"Uncategorized","99cea6a6-05b9-4520-b296-48e78d92317c","07257545-9d04-4753-b50e-74395f1cf7bf"
586,27,"Terminated Resellers","",6,"EXTERNALMEASURE(""Terminated Resellers"", INTEGER, ""DirectQuery to AS - Global Dashboard by CSM"")","#,0",False,1,2026-05-15 07:21:53.823,2026-05-15 07:21:53.173,,False,"","",,"Uncategorized","d1863c76-14cb-4534-b76c-e56a2f2f7b61","5281bcec-5a6d-4bca-bd55-5951764201d5"
587,27,"Terminated End Customers","",6,"EXTERNALMEASURE(""Terminated End Customers"", INTEGER, ""DirectQuery to AS - Global Dashboard by CSM"")","#,0",False,1,2026-05-15 07:21:53.823,2026-05-15 07:21:53.173,,False,"","",,"Uncategorized","f3be0b87-f006-45c2-9558-64a20efbc403","a88b1ce6-3550-4430-b2b1-4c360c464b35"
588,27,"Terminated Subscriptions","",6,"EXTERNALMEASURE(""Terminated Subscriptions"", INTEGER, ""DirectQuery to AS - Global Dashboard by CSM"")","#,0",False,1,2026-05-15 07:21:53.823,2026-05-15 07:21:53.173,,False,"","",,"Uncategorized","dc2f4fa0-b974-4043-8c12-2d4699c693f4","bd872c1e-a1cf-4eec-a992-7ea59bc5cdf7"
589,27,"Active Resellers","",6,"EXTERNALMEASURE(""Active Resellers"", INTEGER, ""DirectQuery to AS - Global Dashboard by CSM"")","#,0",False,1,2026-05-15 07:21:53.823,2026-05-15 07:21:53.173,,False,"","",,"Uncategorized","37b29cc1-349d-4fd4-8f5b-87bbd21d8887","e4d6d6cf-0f0d-4459-ac71-f25860f998b8"
590,27,"Active Resellers YoY%","",8,"EXTERNALMEASURE(""Active Resellers YoY%"", DOUBLE, ""DirectQuery to AS - Global Dashboard by CSM"")","",False,1,2026-05-15 07:21:53.823,2026-05-15 07:21:53.173,,False,"","",,"Uncategorized","e6ade1be-33a3-401e-9688-7ec8e284aeda","7b532a22-dd86-440b-8e75-08b9b2575b58"
591,27,"Active End Customers YoY%","",8,"EXTERNALMEASURE(""Active End Customers YoY%"", DOUBLE, ""DirectQuery to AS - Global Dashboard by CSM"")","",False,1,2026-05-15 07:21:53.823,2026-05-15 07:21:53.173,,False,"","",,"Uncategorized","713fbbcb-e468-43d5-bc08-8aa50c499635","eb8eeaee-b1a5-42db-b341-476df8a6bd3f"
592,27,"Active seats YoY%","",8,"EXTERNALMEASURE(""Active seats YoY%"", DOUBLE, ""DirectQuery to AS - Global Dashboard by CSM"")","0.00%;-0.00%;0.00%",False,1,2026-05-15 07:21:53.823,2026-05-15 07:21:53.173,,False,"","",,"Uncategorized","a062ca65-8f82-4d01-a9af-e993d14fdb0a","0d80f8aa-4670-4d25-bc81-edfb1ac6bb80"
593,27,"Active Subs YoY%","",8,"EXTERNALMEASURE(""Active Subs YoY%"", DOUBLE, ""DirectQuery to AS - Global Dashboard by CSM"")","",False,1,2026-05-15 07:21:53.823,2026-05-15 07:21:53.173,,False,"","",,"Uncategorized","86918897-2f9b-41d7-b40c-bce0a45b438f","e216136d-b945-4ad1-bf5a-03ed0dff9c3e"
594,27,"Active Resellers MoM%","",8,"EXTERNALMEASURE(""Active Resellers MoM%"", DOUBLE, ""DirectQuery to AS - Global Dashboard by CSM"")","",False,1,2026-05-15 07:21:53.823,2026-05-15 07:21:53.173,,False,"","",,"Uncategorized","c2b719e2-c84c-48dd-958b-35a2501e2947","788db0fa-96c0-4230-bc7e-6b6db47973a0"
595,27,"Commercial SKUs Seats","",8,"EXTERNALMEASURE(""Commercial SKUs Seats"", DOUBLE, ""DirectQuery to AS - Global Dashboard by CSM"")","",False,1,2026-05-15 07:21:53.823,2026-05-15 07:21:53.173,,False,"","",,"Uncategorized","f772bcc5-cfe3-44a2-8ed7-9f6a3eaf0959","68c87250-7801-48a1-8c22-c7bb12149a11"
596,27,"Commercial SKUs Seats YoY%","",8,"EXTERNALMEASURE(""Commercial SKUs Seats YoY%"", DOUBLE, ""DirectQuery to AS - Global Dashboard by CSM"")","",False,1,2026-05-15 07:21:53.823,2026-05-15 07:21:53.173,,False,"","",,"Uncategorized","4cb7664a-c4f0-44b3-9ee2-7696fe20770d","a1943fa5-abcd-44ff-a33c-dbb119a26600"
597,27,"Academic SKUs Seats","",8,"EXTERNALMEASURE(""Academic SKUs Seats"", DOUBLE, ""DirectQuery to AS - Global Dashboard by CSM"")","",False,1,2026-05-15 07:21:53.823,2026-05-15 07:21:53.173,,False,"","",,"Uncategorized","6d1003b9-f49b-4a06-be00-63e5ca36f3c9","a213cd8d-0d52-4bb8-9cf1-6803d10e57bb"
598,27,"Academic SKUs Seats YoY%","",8,"EXTERNALMEASURE(""Academic SKUs Seats YoY%"", DOUBLE, ""DirectQuery to AS - Global Dashboard by CSM"")","",False,1,2026-05-15 07:21:53.823,2026-05-15 07:21:53.173,,False,"","",,"Uncategorized","dda2e48b-6da6-447a-8554-6aba89f97d45","6f98e395-70b9-4cc3-a077-14eb6c6d44bb"
599,27,"New Seats","",8,"EXTERNALMEASURE(""New Seats"", DOUBLE, ""DirectQuery to AS - Global Dashboard by CSM"")","#,0",False,1,2026-05-15 07:21:53.823,2026-05-15 07:21:53.173,,False,"","",,"Uncategorized","df99244e-7712-4605-b09a-d4ae923dd0ea","8740397e-3104-451f-bdd8-9a62f1537a08"
600,27,"Churned Seats","",8,"EXTERNALMEASURE(""Churned Seats"", DOUBLE, ""DirectQuery to AS - Global Dashboard by CSM"")","0.00%;-0.00%;0.00%",False,1,2026-05-15 07:21:53.823,2026-05-15 07:21:53.173,,False,"","",,"Uncategorized","7fa22d85-8e3a-4042-8b96-af2eaa2fc56f","44b779e7-8f7f-4130-8d34-002407803aeb"
601,27,"Churned Customers","",8,"EXTERNALMEASURE(""Churned Customers"", DOUBLE, ""DirectQuery to AS - Global Dashboard by CSM"")","0.00%;-0.00%;0.00%",False,1,2026-05-15 07:21:53.823,2026-05-15 07:21:53.173,,False,"","",,"Uncategorized","b081f5e7-7163-4363-87ae-57cc79d124d2","6ed58336-f177-4664-948a-74d395938184"
602,27,"Customers Lost","",6,"EXTERNALMEASURE(""Customers Lost"", INTEGER, ""DirectQuery to AS - Global Dashboard by CSM"")","#,0",False,1,2026-05-15 07:21:53.823,2026-05-15 07:21:53.173,,False,"","",,"Uncategorized","0d4bf8aa-5cb3-4ab8-9da0-fd9330ce0016","e8c45243-2343-4268-acb0-a8eac1af1a81"
603,27,"Seats Lost","",8,"EXTERNALMEASURE(""Seats Lost"", DOUBLE, ""DirectQuery to AS - Global Dashboard by CSM"")","#,0",False,1,2026-05-15 07:21:53.823,2026-05-15 07:21:53.173,,False,"","",,"Uncategorized","0038b260-c1fd-494c-acb5-ccd5439b5679","0995e928-5f15-48c6-93d8-56e688e32721"
604,27,"Churned Customers (Last Month Selected)","",8,"EXTERNALMEASURE(""Churned Customers (Last Month Selected)"", DOUBLE, ""DirectQuery to AS - Global Dashboard by CSM"")","0.00%;-0.00%;0.00%",False,1,2026-05-15 07:21:53.823,2026-05-15 07:21:53.173,,False,"","",,"Uncategorized","3e43dfad-6466-4f15-81dc-bc93f7ade81a","8251d7fd-a27b-4955-9452-f01902331a0d"
605,27,"Churned Seats (Last Month Selected)","",8,"EXTERNALMEASURE(""Churned Seats (Last Month Selected)"", DOUBLE, ""DirectQuery to AS - Global Dashboard by CSM"")","0.00%;-0.00%;0.00%",False,1,2026-05-15 07:21:53.823,2026-05-15 07:21:53.173,,False,"","",,"Uncategorized","912fbeda-2518-4784-8c5f-e89834041015","00b5489d-4078-4546-ba0d-ecd269b3240a"
606,27,"Active Seats (Last Month Selected)","",8,"EXTERNALMEASURE(""Active Seats (Last Month Selected)"", DOUBLE, ""DirectQuery to AS - Global Dashboard by CSM"")","#,0",False,1,2026-05-15 07:21:53.823,2026-05-15 07:21:53.173,,False,"","",,"Uncategorized","a2de472c-55bf-4b45-8f0a-e647b067bda4","cb5231c7-376f-4f8e-9375-099f940ea321"
607,27,"Active Customers MoM%","",8,"EXTERNALMEASURE(""Active Customers MoM%"", DOUBLE, ""DirectQuery to AS - Global Dashboard by CSM"")","",False,1,2026-05-15 07:21:53.823,2026-05-15 07:21:53.173,,False,"","",,"Uncategorized","7d58b33a-9c32-4909-8424-69e7c9a8365d","610cbf20-664c-44db-81a2-49be652a056a"
608,27,"Active Subs MoM%","",8,"EXTERNALMEASURE(""Active Subs MoM%"", DOUBLE, ""DirectQuery to AS - Global Dashboard by CSM"")","",False,1,2026-05-15 07:21:53.823,2026-05-15 07:21:53.173,,False,"","",,"Uncategorized","a7044520-cd8b-44eb-bc3b-d65e109ba124","28a5ae75-c7ae-4998-94ba-f6086211fbc5"
609,30,"ARR_","",6,"EXTERNALMEASURE(""ARR_"", INTEGER, ""DirectQuery to AS - Global Dashboard by CSM"")","0",False,1,2026-05-15 07:21:53.823,2026-05-15 07:21:53.173,,False,"","",,"Uncategorized","d2bf0db9-3abd-4d64-891b-528d482534fd","b0a86eed-bb43-42fc-927d-e33adce7078b"
610,30,"Service QTY.","",8,"EXTERNALMEASURE(""Service QTY."", DOUBLE, ""DirectQuery to AS - Global Dashboard by CSM"")","#,0",False,1,2026-05-15 07:21:53.823,2026-05-15 07:21:53.173,,False,"","",,"Uncategorized","15e49f05-8bbc-444a-af28-ae7d5fc1f827","1ab97171-ecc2-4f76-a879-9f49debb0b06"
611,30,"Net Sales LC","",8,"EXTERNALMEASURE(""Net Sales LC"", DOUBLE, ""DirectQuery to AS - Global Dashboard by CSM"")","",False,1,2026-05-15 07:21:53.823,2026-05-15 07:21:53.173,,False,"","",,"Uncategorized","d791ee7b-0a93-4fe4-881d-7c644aa3d1c8","48639266-1024-4011-bc28-ab7f5562d79e"
612,30,"Net Sales (New Customers 2025)","",8,"EXTERNALMEASURE(""Net Sales (New Customers 2025)"", DOUBLE, ""DirectQuery to AS - Global Dashboard by CSM"")","#,0",False,1,2026-05-15 07:21:53.823,2026-05-15 07:21:53.173,,False,"","",,"Uncategorized","6a23f409-20e6-4e39-9356-07d28d0e652a","33a2448a-9771-4522-b1b1-5a432466cc4e"
613,30,"Net Sales (Old Customers 2025)","",8,"EXTERNALMEASURE(""Net Sales (Old Customers 2025)"", DOUBLE, ""DirectQuery to AS - Global Dashboard by CSM"")","",False,1,2026-05-15 07:21:53.823,2026-05-15 07:21:53.173,,False,"","",,"Uncategorized","6c48faef-642a-4fa8-9634-e96c987d8acf","889640b3-7244-417f-9ac7-6d4d3ea12458"
614,30,"Net Sales, LC (Last Month Selected)","",8,"EXTERNALMEASURE(""Net Sales, LC (Last Month Selected)"", DOUBLE, ""DirectQuery to AS - Global Dashboard by CSM"")","",False,1,2026-05-15 07:21:53.823,2026-05-15 07:21:53.173,,False,"","",,"Uncategorized","4176443e-7ce9-4d9e-a4f6-385c391c07bf","c3af1a82-46c9-4304-8247-69f64a4bfad4"
615,33,"Reseller Count","",6,"EXTERNALMEASURE(""Reseller Count"", INTEGER, ""DirectQuery to AS - Global Dashboard by CSM"")","#,0",False,1,2026-05-15 07:21:53.823,2026-05-15 07:21:53.173,,False,"","",,"Uncategorized","1079ab0c-a718-4410-8cfb-d0d00c83c012","0c031d68-c4f7-4589-b593-11cb06663986"
616,36,"Selected PnL","",2,"EXTERNALMEASURE(""Selected PnL"", STRING, ""DirectQuery to AS - Global Dashboard by CSM"")","",False,1,2026-05-15 07:21:53.823,2026-05-15 07:21:53.173,,False,"","",,"Uncategorized","9c85c48d-cd0b-4b28-90a9-bb55684bda9f","47345bb7-ed93-4a0f-aff0-599a3afe76c8"
617,45,"Selected Month Date Range","",2,"EXTERNALMEASURE(""Selected Month Date Range"", STRING, ""DirectQuery to AS - Global Dashboard by CSM"")","",False,1,2026-05-15 07:21:53.823,2026-05-15 07:21:53.173,,False,"","",,"Uncategorized","4c454a2e-9249-467e-a8ef-d949bf3cf100","7f389cfb-cd02-4bbe-9713-4d7e7a7c3453"
618,51,"ARR Cancellation LC","",8,"EXTERNALMEASURE(""ARR Cancellation LC"", DOUBLE, ""DirectQuery to AS - Global Dashboard by CSM"")","",False,1,2026-05-15 07:21:53.823,2026-05-15 07:21:53.173,,False,"","",,"Uncategorized","c3996662-bae2-4961-8d2a-84235d3d41ad","4990e1ba-b077-4131-8001-7254586403f1"
619,54,"Vendors by customer","",6,"EXTERNALMEASURE(""Vendors by customer"", INTEGER, ""DirectQuery to AS - Global Dashboard by CSM"")","0",False,1,2026-05-15 07:21:53.823,2026-05-15 07:21:53.173,,False,"","",,"Uncategorized","df5d6c9c-40d2-449a-adbf-6421ea6b48a5","54b32acb-396f-48f1-a079-0ee3cbabe0a8"
620,60,"Subscription count","",6,"EXTERNALMEASURE(""Subscription count"", INTEGER, ""DirectQuery to AS - Global Dashboard by CSM"")","#,0",False,1,2026-05-15 07:21:53.823,2026-05-15 07:21:53.173,,False,"","",,"Uncategorized","8ac5f9bf-d612-41a2-9e4b-800937e57e66","35695921-7b48-4ce5-936b-f475a6801612"
621,72,"NDR","",8,"EXTERNALMEASURE(""NDR"", DOUBLE, ""DirectQuery to AS - Global Dashboard by CSM"")","0.00%;-0.00%;0.00%",False,1,2026-05-15 07:21:53.823,2026-05-15 07:21:53.173,,False,"","",,"Uncategorized","b7b74101-f6f0-4e02-a796-20ddcc0a4a81","e96a836b-de76-4363-b160-087143db546f"
622,72,"ARR Change","",8,"EXTERNALMEASURE(""ARR Change"", DOUBLE, ""DirectQuery to AS - Global Dashboard by CSM"")","",False,1,2026-05-15 07:21:53.823,2026-05-15 07:21:53.173,,False,"","",,"Uncategorized","30b44940-c81d-4f28-8cb2-d0dafb1783a7","dacbda19-a83b-4ea2-8117-8bf7a9efc7c7"
